ID,Yield
ID_F9XXEXN2ADR2,644.2
ID_SO3VW2X4QO93,419.81
ID_UKUQ7JM8E894,512.11
ID_QUISMWEZR2H4,322.16
ID_25JGI455VKCZ,571.95
ID_KQEAOXF3RPV6,366.59
ID_FSNZCPW9HTD2,897.67
ID_U2TOPOA0T40S,313.76
ID_XVQLSUKOT04J,1072.0
ID_EAZAU6IW58PK,167.1
ID_WI17R25TC2VU,359.7
ID_OPR9MJWG40U7,1653.45
ID_P9K9GAHC6FX6,630.19
ID_SCAOUCCTJ75Z,37.08
ID_MUP1OS8GZR5E,2492.6
ID_WVBSZ9VBC9HE,683.99
ID_9MGH1WIKFBNB,393.77
ID_3M2O3EPOM18C,2085.7
ID_K9MOR4N1FWIB,560.39
ID_VJPUPMSQARO5,1148.3
ID_7WIMK3DXIU3Q,1284.15
ID_6QXVH0EUS60J,1231.15
ID_CA9GH6Q53A1Q,231.5
ID_94KO4EQ6TA3S,260.33
ID_2WH3AXUWRS2A,229.1
ID_LBS8TBC6QEF1,316.95
ID_Y3YARETW8RAP,1273.3
ID_BY9JJAIKBRGP,422.51
ID_0U5AM482W1DE,398.6
ID_G0I28ORJC3OP,422.98
ID_Q34ED4EMSA3R,628.64
ID_LN3LXEG984XM,581.69
ID_0JTIPPYRJND0,802.4
ID_2MRD9I2X8UXB,199.2
ID_KH1FHLUW2T4X,247.26
ID_RFM5MWSIU1JX,318.43
ID_IAH2UTMDVU8F,252.55
ID_9SNP46T1GSJI,717.13
ID_DSQ9ISYFW4DB,505.65
ID_B8XYLC3NM6XD,120.41
ID_HOG9LK4CTN8K,454.84
ID_L3RTRS1QIY6D,342.89
ID_03QW4RBYQEBK,431.44
ID_ZJSYN3ZHXK5K,799.45
ID_UPRM76SZ7IJJ,640.71
ID_YB866N9RY5TU,531.18
ID_4H0KNHPKF9BK,201.2
ID_TOIT03A3WTTD,306.66
ID_4P7NKCB6LMJ5,55.25
ID_1TIMGZJLRLWF,634.58
ID_25E6065LQDON,691.66
ID_SOB9B3H12POE,867.25
ID_A8RF0GQGJF5H,846.48
ID_GT36LGF8SM8K,527.58
ID_E9OHGDA3U6DG,455.21
ID_HXWHLMRE99CE,1274.5
ID_3VL9DLFRG5A3,318.52
ID_OKPI3DR2ZQPJ,291.5333333333333
ID_XZO6ECCAOC94,972.15
ID_4X2UWYR6RIE2,799.3
ID_1LVAHN6PZYBS,809.2
ID_HRAJFKTPCNWQ,1988.65
ID_TK4H5NRKHOE8,351.55
ID_9U0UBT1J8152,324.59
ID_3EUKVYT37JOP,237.9
ID_1499QWPPW755,546.83
ID_ULWP3J0G860C,386.165
ID_51FSB3P7RO7F,588.5
ID_FHMVP6OM4GDX,1622.05
ID_2OICAUFVUF5S,225.83
ID_ZGCFHIHAIC5U,418.45
ID_SR592R346POT,1282.9
ID_IW7UUDAW8LI0,394.4
ID_UNWZCF6L3JHJ,437.75
ID_Z4FXX0BNPHCO,1762.69
ID_T18YB26T1R72,407.1
ID_LXZWOINVI194,595.76
ID_QNQJS14C9JJR,1921.6
ID_NTPIQUV3J2G6,824.11
ID_PVQOEEDTISZ0,67.78
ID_PNB65ASGG3U5,325.58
ID_KWPXATBZDX9T,595.44
ID_0G0F9TOR4IMI,1525.35
ID_FVLMABW5Y6X2,907.7
ID_O2PL38IY50T5,358.56
ID_CNG8Z00FPPMP,808.8
ID_641DSHBH8JAF,1209.11
ID_Y14QXUKOFJ4H,324.92
ID_DRP3WZV4BNIE,473.78
ID_TMXV7UW39T80,240.71
ID_0L8O49SS6MQM,505.27
ID_UGTG0XQELY2U,449.67
ID_0YZYA9AXL9Z2,290.36
ID_KNOK4V0IWVUO,155.0
ID_YX4DF17Z25RV,372.88
ID_2YAZXP3AEDVO,302.01
ID_YNACZPCVVI09,1758.93
ID_75GYXJW1DYGX,318.89
ID_YRCMJRFRTU2K,704.71
ID_1L4WBTHTDQMP,549.51
ID_RO0XF0TFLRG6,612.83
ID_NJ7G0SAVDN1Q,390.94
ID_UFPM6MLG1BJK,5.26
ID_ULY51B6WQ9FV,818.7
ID_CR6L4TL2VEEM,229.6
ID_4YRSPS7X1V7Q,400.4
ID_ILQ5YE78E0SD,239.87
ID_WDNXY8YRA10N,406.48
ID_WYK6LRWQ21ML,306.52
ID_EBA4QUGDXB5I,1261.45
ID_2WCWAKQKRA74,661.85
ID_FTSIEXKUER9Y,336.86
ID_64BCOW7PEP3E,89.0
ID_0N5TFB55JBOB,699.1
ID_9AE1OJ45UFJ3,569.2
ID_NJWAR6L7X4Q6,752.9
ID_W8U6J9PKGGGI,391.5
ID_WJUUIJMPNLHW,411.17
ID_S7F4L5OW7OKD,866.52
ID_Y0OX05BLLQPI,200.4
ID_XJ7ULGKCALNF,619.38
ID_8NU1PZBDI5C7,1209.85
ID_CPPN31R20CBA,664.67
ID_D20Z6VEJBE6K,23.26
ID_N6RSTF2IR5GL,569.59
ID_DJBLGDPMS85M,5.16
ID_34J19EEKSSHY,852.55
ID_P8MQS1ERUQ9F,237.73
ID_U07HHH2EG6K1,808.0
ID_IKAOSO0CFKYZ,211.85
ID_NHQ2WMFGNBS1,324.76
ID_FRJ3P7XDG7OV,547.14
ID_5N0W8ZFFAIQX,463.31
ID_OFSHZ2KZ1LQ4,5.16
ID_A6C1G6XUATUE,68.15
ID_N99MP1180BJ5,243.07
ID_D5F8SLVPMZKE,137.7
ID_49QTISSSNQ0M,628.35
ID_S1WHDBHNKLYO,312.52
ID_9YE4VBW3W1WJ,415.01
ID_7SWZRG2B52YI,324.07
ID_41XNQZ8M4QXH,354.91547619047617
ID_SIB0PJZQMRBO,307.74
ID_M47IW492SXOP,156.8
ID_MTUJW5V02DWQ,803.7
ID_Y108HSDX00WC,1027.1
ID_QRD8JCO8QWCF,99.11
ID_RIP1ZN0ST7I3,106.56
ID_BPS356NV28J7,1170.5
ID_0KANA1KYEQKW,101.14
ID_80MMCWDS27VC,2628.78
ID_CH1WWOXBV7L8,395.77
ID_PM7YZSDTN1OI,636.43
ID_FR4XH94DJW50,574.76
ID_D1IDORABBOBP,443.45
ID_0BE8BMWG3A68,536.66
ID_RY2QD5TLB4US,436.59
ID_S8D99RRNCOMC,1366.33
ID_YZLW773BTIA3,336.58
ID_FL8VHWG97QTI,730.18
ID_JVLT86OR9T15,652.34
ID_NBSTAXAZ24X0,846.96
ID_43VRMQQ5E60F,325.27
ID_HI4ACMU7M13J,438.54
ID_UI96L3AE8YXY,565.47
ID_UXRI6OXKF50S,1025.66
ID_FW06NS2YA7QW,397.41
ID_RA5OO0JVNOUF,561.69
ID_EVGU94YQTZWM,149.82
ID_GHANLFEJN9UW,150.06
ID_HXBFX8X2DD7B,1034.9
ID_KUNLQSF5FM19,642.07
ID_7XXH76413XNT,618.65
ID_D58TIQKQLU7Q,405.86
ID_W5CLRPVGFRKH,410.52
ID_A3Y0OIB0BE59,408.97
ID_C74NLELOCNTS,2610.4
ID_2FIGN89QV44C,183.18
ID_QN4PJSV2CGSJ,322.5
ID_V5W6AZBTURWA,418.19
ID_L6E0GOTVHSCD,624.33
ID_Q95BUWXK8RM3,149.74666666666667
ID_5TLXCFLTYF1F,423.54
ID_GLBHSYJG9S5B,1321.55
ID_3X3YHRC7IIN9,608.37
ID_5H724YS64665,844.3
ID_U4Z5RN88FCZM,628.74
ID_05TGZGOMI6MF,501.8
ID_0GCZV8RUSZK6,393.5
ID_UV06K1FM1SB5,529.24
ID_RCJZ3PORBWFV,221.425
ID_W1NL5CU9VHQS,423.31
ID_2WIYFQHMJPYD,960.6
ID_BFFULEU6PVQ9,98.55
ID_JN31K11BXQ0E,310.22
ID_DS40FHVR9R7F,326.35
ID_DNOT9DTVZ6MQ,790.2
ID_Z58PO8MMX8YV,801.5
ID_NEYMBJKFHN1X,528.94
ID_RND7MNSA6LWV,317.16
ID_U407VXC7F9NZ,322.07
ID_ES753BBA75GB,165.5
ID_APRL4BTWWRW9,311.34
ID_S909ZPBZ39II,290.6
ID_YYFP9SWEV0U5,1338.45
ID_25EBTESPBHGZ,631.37
ID_W0W8TG7XRWE3,179.2
ID_0FU2BPIOTMVD,688.18
ID_OF817VW3STNX,479.96
ID_7QATIJ9YSL1K,1832.23
ID_LBPW7URC7BBW,516.78
ID_7WYQ81JCM9V3,168.7
ID_JGSVOGVN6522,588.95
ID_TOUB2GY1ZHXT,692.82
ID_9AJCTSUQG7FZ,522.78
ID_VKOZPEUVSDI8,704.85
ID_UG5GQ68S58OW,439.65
ID_4RB8XK2ZB1IR,768.66
ID_Z3P4T6K6P2ED,184.48
ID_VUGTKX63R5P0,394.6
ID_XMF3Q64FMLBK,501.87
ID_DTWCZ9G9C8WD,909.6
ID_0MNYHJUPIOIT,208.19
ID_ZGAL960JTO3R,473.55
ID_PK835TJNER3I,658.6
ID_KVGPYMSHB2WJ,275.95
ID_OWIQYP0I1HGW,1348.2
ID_7RS2XDILJLBL,433.48
ID_EDCLK08NMF0N,415.97
ID_97Y87C3ANP5B,323.05
ID_D3SKVOTTB4KQ,262.54
ID_APFVFYM11UU0,1821.35
ID_TAIVU9LHBYZ8,602.89
ID_NTR94XDRQIHZ,154.54
ID_8QCOFS2HXOJQ,418.59
ID_7ZZVZZH08UWF,457.91666666666674
ID_9NGVV4V11YU2,397.3
ID_5G8RKC18KLXV,1866.16
ID_BSVRMHEKDQKD,448.32
ID_6Z12209FUIAT,716.63
ID_IRBHYP3G7UXU,319.58
ID_9PH4KNPDDVWS,800.7
ID_S4G0N1TJEDUG,352.22
ID_OP7NSDQGR6AE,59.29
ID_32RIU94UJDHI,1456.0
ID_85WKQYHE0W5H,786.76
ID_2T4I23J42NUP,400.24
ID_LOJZM912S2TH,527.5
ID_FQAR45VD4PQ5,718.9
ID_RA4Y3ZL70BWO,1254.08
ID_UH3QT7I1O24Q,151.59
ID_P9OZQ56CX2YO,512.45
ID_RB24VMV9FIGM,401.49
ID_XECRIM8DR00Z,1268.43
ID_EYIQ79MA3T5E,743.7816666666668
ID_B0QBM2S1R9S7,225.57
ID_1L74BG9P0TKX,790.5
ID_141KG0TOOCJ6,725.24
ID_IMKLSNJKVI4P,311.89
ID_253P6J7D92PW,444.5
ID_PCC17RCZX06S,318.44
ID_7MUPVDZE1ZWB,1399.0
ID_O994OZU1NP7E,578.89
ID_RFVKSMVILY31,499.72
ID_MTR7TTJ5LSBE,159.15
ID_87QM8DS5HSU7,1328.0
ID_8KXPBLV53NZK,584.14
ID_LQVS4LC3YRMB,564.38
ID_ISVACTKT5MAA,400.52
ID_C64B9DUNSCM1,195.1
ID_ZXAE37OWUMFI,413.96
ID_L7Y4MKY66OSL,580.8
ID_TZ1FUOUR0Y8X,1158.0
ID_D7HMR45HU1ZW,451.9
ID_UCZXI2H7S2YD,233.19
ID_7TU75PUQP312,2140.65
ID_4ULCEP364DAF,576.47
ID_8EOY07K5LOC4,348.82
ID_NK47MAUWJ8Z5,161.3
ID_8ZCGIWU6GZLO,285.5733333333334
ID_SNIWSZ237UOD,315.02
ID_7LDSCZ2OPT0K,527.44
ID_TK2TH4JSJ1KB,125.52
ID_UUXFZKSR58SC,300.57
ID_EVACECC6XIW9,1628.6
ID_U2LSES0Y4I3C,1592.7
ID_NEGU2TDNC4Y0,116.26
ID_WCBHSOBP51H1,221.29
ID_SVRQ4NGZFMMP,909.0
ID_5TBBUKHYJ1KI,621.1
ID_4AOR8R30LNOD,450.16
ID_5XOUKBLNO7AC,513.56
ID_IQZTM1J018FS,804.5
ID_Q9VXX3O6IZOD,251.02
ID_HTEQD0S6QIB8,298.98
ID_0GFT8KE7O9RP,782.76
ID_SHFI8L6O4DQ3,695.28
ID_64MUBP88ECF6,430.39
ID_EHYBYH7QLOSL,197.7
ID_GTGEI6PS93QJ,1917.85
ID_TL9C9OJ8G68U,230.39
ID_SM1GWL52K1F8,383.43
ID_DZW8R8ONEU66,453.37
ID_HBDA4P8811S8,3036.7
ID_CJQOTSL074N8,629.65
ID_KZ0X60V9XQIG,2777.9
ID_0TWFZTV06NYT,580.03
ID_PVJN35A46C0K,556.45
ID_D732BOTXBLSI,411.47
ID_342GB00NU2X8,131.68
ID_AQUL5HCLWJPM,1259.1
ID_VU3938I1G9Z0,798.6
ID_Y2ZY2HDPU6PE,529.74
ID_SJD77GLF5ZFJ,561.5
ID_3T35R9QJBF2M,436.305
ID_NQUTMXXK59YN,634.03
ID_SV7AFMBC72LB,97.62
ID_PAPK30H37SIW,862.35
ID_URRQOVPPCBQ4,200.4
ID_CQPXYYK4KGB7,359.65
ID_RJIJXF4OS4RL,5.16
ID_APUXW8HC4K6B,1268.8
ID_61Q9C9GGPHDI,1285.05
ID_ZWZRMNC7OOCV,290.08
ID_IYKX7HR08L6A,22.75
ID_AIG281L5ZHU8,208.06
ID_NHUOZPKIO0BR,424.38
ID_LLYN4K7KIT4R,481.96
ID_0TSE5OLEV8WK,413.97
ID_H992DU9HM8DQ,323.8
ID_UK0CBXPBQ5RY,1237.2
ID_RDPY3EBXFJ5O,1210.8
ID_5L97TY473GY5,1646.4
ID_5B1X9MC1IFX0,380.9
ID_ECWVAC40SNWB,3940.2
ID_OE87AT5TAUEI,2068.1
ID_XR12GEBM8H2K,1329.95
ID_LJ2AP4BNL25Y,505.53
ID_LH311ABG9XDL,313.36
ID_HXONOBB4HD6T,1936.9
ID_7AOOKABBB6N8,1201.3
ID_Z17C9TLMF1MJ,176.6
ID_3PUBL95YQ1AF,806.5
ID_3RUIBILNO5TH,103.09
ID_9VMYZE08M98X,791.8
ID_6SDJYMNC1T2Z,105.62
ID_61DT371A8JKT,334.73
ID_R51LYLFQUFIL,618.9
ID_MJYLQ159US1Y,917.4
ID_QQHLY17D6RBD,1250.6
ID_Y84JBGTU3NGV,662.81
ID_V8BHOZICY6IF,335.45253968253974
ID_DZ1R5TGC156F,658.96
ID_UQTR8CQ5LH50,1380.45
ID_CK56LDNW1478,809.2
ID_QJGUBXWDDCRS,636.0
ID_H7YHR5OTSNS5,165.82
ID_8FRJCZZGLIRC,713.41
ID_U29DLWFB48GG,285.45
ID_W3OHI7MAVC24,139.09
ID_1ZY88AN5LZD4,457.42
ID_OC5EEB6B892L,852.8
ID_CMWPG2PIB75R,644.12
ID_NWEI411ITDHM,756.12
ID_G49PUGN2HFAD,263.12
ID_GSNP1IEZEQBC,481.38
ID_GJUS6RREHQ81,775.58
ID_7F8MCGYBVNP9,449.2
ID_0L3CDZHQMEW6,839.84
ID_WWW8P7C0BWWD,320.87
ID_K5SN27S6ODNO,803.98
ID_UFYYFX1MOUMV,394.76
ID_D0724QR6ZQQF,1655.28
ID_PMSOXFT4FYDW,5113.1
ID_SO7VGCA3U32O,738.55
ID_FRF1EVPIL6HX,807.3
ID_82CBKU1NDJ0V,1298.95
ID_RX8DANVXO123,401.5
ID_ILC9A9DN5G2Z,799.7
ID_2GDKRWUIWI9Y,151.03333333333333
ID_RBQ5VAV4DJ5G,795.0
ID_UOQYVR79LGBI,605.02
ID_K6AD8QUXXR6Y,55.65
ID_J342KZ43X2VJ,628.4
ID_XPEQ4HVRRQX3,2654.4
ID_AJUG34L464MU,694.31
ID_JF3KG0PYDKQF,1858.7
ID_L9Y3DAFA0E72,606.66
ID_E6BGEQJGO571,230.24
ID_SP088I6KHJYU,338.8109487734488
ID_044M7JJ7F7ZH,806.9
ID_FWCKHCWUI2ZA,295.79
ID_RYVNAORY2187,232.62
ID_AKABUF8B09YM,770.2
ID_S2JJQXZHA1AS,554.02
ID_4QOOOG43P1EL,1095.3
ID_X7Y0DSAFDFLN,761.0833333333335
ID_HBHBHNCY4HVH,406.5
ID_BD6WGXMV0N9M,402.02
ID_L96Q9Y8ZKZ8E,1274.1
ID_THWRW6UMVR43,329.29
ID_BORVFDCCKT0H,812.3
ID_2L25K22ZLQPZ,403.58
ID_YUL27A9GYMND,372.9
ID_8MKACM85VSCS,2665.0
ID_4060CUEUW7HI,344.738253968254
ID_Q0SM7VK3YP8B,95.49
ID_KFDMKLKS776M,413.31
ID_JFSU9KK3JSCO,1567.25
ID_YDVQY6M9SDE1,274.39
ID_24UQHTEAU2MZ,410.98
ID_SGZSFYIOBIN2,583.08
ID_JNBPHXXIFBMH,312.13
ID_ZDH7Q9PB2ZFC,362.04
ID_Z8L5CROZXDD9,753.95
ID_BFWA63TCREXQ,281.74
ID_M3DHWRLA56N4,1335.95
ID_7QNMKE9U82HO,1181.83
ID_75A7EFD9RIO4,162.75
ID_ZGRBK42R4LAE,415.22
ID_E69IMEJ5DN9Q,381.44
ID_9GU549TH7ZK3,1077.83
ID_32IOWXYS1DUU,114.55
ID_055AL1ZL5ZQ3,97.85
ID_1D24WF1F56XL,199.15
ID_C8563RHWH4R1,369.525
ID_FWYXQF7RP0NA,631.62
ID_RUQF0NVO7GUP,98.91
ID_U51NJXF1ANRX,286.83
ID_52E5N2X6YPZC,408.21
ID_5605KFWD5KLI,613.88
ID_RP1T12JOZ0W5,416.09
ID_1NJF183VW7MV,21.55
ID_YBW0BLUZSB09,579.86
ID_EMWY1EBQA2OW,5.16
ID_PRZUQ2CC6YQL,789.48
ID_DR9MHVZLS2J3,335.04
ID_F9Z4KJ1ATXQX,467.75
ID_1IEQS1MMJVNU,1271.9
ID_Y5OJFJ4ELKBO,3408.65
ID_OYZLWHPXC232,58.82
ID_RIJPB9ZK7QMJ,364.2
ID_5YLAHA1RPCLZ,556.3
ID_7YD43YGQEHAG,128.25
ID_Z2128MPPJH3I,323.96
ID_6E9C80EV7UVB,548.2
ID_V292OF4LJFY6,460.3
ID_GZWEN5J0753A,161.35
ID_DZJI74TH27S2,637.67
ID_VB20G3017OT3,1948.0
ID_PFR5TR9NSJ44,705.84
ID_CGEMGXF9GKAN,798.3
ID_UQN5YELSPFW4,570.1
ID_9KQ04PBVJQ2Z,555.14
ID_4XS5DB6R0W1W,2738.3
ID_0LIP6T5ZSM47,685.69
ID_EKT3T87PW61E,411.54
ID_8APYWALBVJJG,1970.78
ID_IZNAGRDXI416,540.86
ID_O8JW768V2WBT,800.41
ID_QB1EGGOG4PKU,370.6
ID_QL474TRJZ4KT,273.4
ID_JS00JMA9OC55,187.3
ID_KX93WT2WM8KI,414.5
ID_88T4KAWBOXD2,675.3
ID_AYEXJ449FHYB,223.685
ID_WAMWUG0WHB97,1114.0
ID_MNSBZZRLVYAB,506.81
ID_NIO4I0V8DWYJ,103.75
ID_NIZWE5DL0ZEP,816.41
ID_9NCKQGLK3SD9,432.06
ID_5OSGLVZW9D29,817.4
ID_6XPJZR8ZCIC2,317.82
ID_IY0SP642OW24,701.34
ID_RIYH64Y97QRK,572.66
ID_XSP6B48LKWT8,561.64
ID_W753O33BW3BB,428.75
ID_RWJ0XTITY982,2020.2
ID_EUEIBIX6TBO2,391.39
ID_WH5AACW8DNG9,239.565
ID_NKCHBHQGHFQJ,416.08
ID_55LF7DAPVUM9,402.7
ID_QCVF1IC80H55,292.75
ID_TTYI3X4FHRSK,623.74
ID_FAVZ1A7JE66Y,197.6
ID_K3QDY7VQTJ4Z,414.5
ID_SXVSUXY5UZAB,85.87
ID_5K5QDTT6M6RR,246.39
ID_LVWYORSZVO3S,249.35
ID_6ECLIA2352NF,125.64
ID_W9B36B5RXLXB,1490.8
ID_FBND5TKBJU4V,276.11
ID_IEG1EPIW3QJE,430.48
ID_XBAKEC3FGVOI,310.42
ID_YX1YSBJPV00F,224.06
ID_CNJ0199EZ0Z5,234.4
ID_9HZRXVLF8O7Q,408.59
ID_N8DOGSGMLEEF,405.95
ID_QTT6DFO6C20M,135.83
ID_84TIYB63GU2Q,150.5
ID_I13964DD6KTD,380.0266666666668
ID_31NJ27Y0VJFL,239.92
ID_SFCM114U57TL,210.95
ID_JO7PGDO0GSL6,611.71
ID_GL342CDVL9P5,394.33
ID_89HGYIT9L72K,591.54
ID_GMN55BKSKYR7,1195.55
ID_IPCZ9G8W2MEV,808.7
ID_YTTWCTKL25FS,787.5
ID_RXK77X7AJU1K,527.67
ID_7DF2UHVO2YDW,513.47
ID_S8ILQIMNR33S,963.0
ID_9CZKHNKM1I86,490.58
ID_QV0YP4S4M4EW,423.98
ID_6NW6LZZP4YSO,889.9
ID_11VV8EJUCW0H,3116.5
ID_12B9ODTQEDJP,561.69
ID_O9F0DSRI883S,384.82
ID_UGZM1YTX1O1E,553.52
ID_K9QDUU90W0VF,535.93
ID_NSYRKSMPHBU1,699.7
ID_VTPNQBR81BM9,452.0
ID_39OMID9QCOG0,422.93333333333334
ID_1PEZ9AQEX5YZ,553.67
ID_KMV01O5FI1RE,196.7
ID_D8YY9UAL3DUU,1136.95
ID_MK1LEGI0K09C,650.16
ID_SIGZ0JBXQGOV,266.74
ID_TVKRFN7WM03R,250.77
ID_0BEO9O1TBGD7,424.38
ID_0LAUIA0BNIC1,330.61
ID_J3ASN4NEHJWU,530.24
ID_E0C4Y5E20718,824.5
ID_42C9CZBA94GA,239.98
ID_YR8ZM2POXIMW,132.05
ID_CI5T4HTPFSD5,2407.9
ID_A43CG1H8ISRO,360.71
ID_3CEHUW3S0G0K,885.85
ID_TXB3AVJR817F,421.39
ID_EARHOHWMJBZN,841.31
ID_3VLU0ZG4HZCJ,354.9
ID_BXY0XWQ3PB64,777.8
ID_QRR9XFG9T842,665.67
ID_EUX6TSC8JHCM,413.19
ID_QFOI09YR3VXI,421.54
ID_YV25FQOXZ8MV,6.82
ID_7FQESEUZAD3Z,307.08
ID_CNWL7DTP3YX4,376.05
ID_T55BT4VODB0E,140.3
ID_RV1AQV8A2YO5,1008.1
ID_4LD71OA2HWJA,437.92
ID_MURY55Z0UGAN,338.62
ID_N2FMG5146H3F,233.5
ID_UTINEMLC3YZ8,400.9092857142857
ID_2YV5CPEX8PQX,984.15
ID_G04CAJF9PJPJ,365.35
ID_VQQC20SF8PFA,300.23
ID_XLERVZJLB89L,377.55
ID_55VQDPWDVUJN,1228.75
ID_ZQ8CAFATMFQ4,223.35
ID_G0F3TN5NG6BH,225.18
ID_PF85WDFZ5SIC,332.2
ID_LPA096T2PA37,378.16
ID_TOJV71OD5IJA,508.43
ID_OC71Q8G1PU9X,649.56
ID_ALXWTRGLKYET,415.33
ID_L25QRS7Z1I48,629.54
ID_ZJX6UR06AOQN,149.92
ID_J18Z7G8MKNNW,966.93
ID_A1FRWN0WLOW3,587.05
ID_1WMN80LOMPYX,658.42
ID_PN8SLC70UAFU,416.50333333333333
ID_Y0VLNN9FFCDB,1226.2
ID_KSNG2EHQWVN2,957.4
ID_6W3UCOWAIKFY,258.42
ID_SAMIPB6FVS35,611.14
ID_5XWLZR0M55MG,653.78
ID_XS38KEFXELD5,437.16
ID_59TDKRUHGJTU,434.24
ID_LA52IZ1MKC63,167.36
ID_HUS8E1K54UTE,695.95
ID_I13GK4NJXW16,1267.43
ID_VNANLNWRQBB6,421.02
ID_S9RY48JU1EY7,652.05
ID_4STCBR16P9VP,965.2
ID_8975M70FEDGV,1296.35
ID_DUBR80BZKU6Y,342.75
ID_MAEEJ3FRNXBQ,313.03
ID_H4AAIXVXUTIW,1553.8
ID_9O8JMRL331Z1,245.01
ID_NGSCERQ2QDX4,355.25
ID_6LCF9GFNTUHP,360.53333333333336
ID_P1FUZAFI9H4Z,711.3
ID_98FVLR8JYSIK,880.67
ID_21Q3Q5YNLZZX,660.12
ID_PBBKRFRQIL4M,322.0
ID_XUQ4DJPJN922,492.91
ID_XN9SQO2E71Y5,327.27
ID_16EL4RBE07V4,528.44
ID_J9A3XKAY092U,438.81
ID_SI3U6TVMFSLR,1863.65
ID_MZPNEAO40UOF,640.73
ID_JMOP4XUA0I7Z,409.84
ID_3K7O1OS7SC87,759.25
ID_1FKKC1Y469H8,527.34
ID_KLWMKKI8XBMZ,420.59
ID_INV1UN5XSNO4,387.87
ID_FCP0ZRWKWL2B,388.31
ID_L7DSNSBA5RQQ,245.99
ID_SECEK6SG1NI8,2139.8
ID_ZZH6SDGIBPVQ,790.6
ID_NKCBC5AYF2O5,936.06
ID_HCUH5OSOLYNC,460.98
ID_P2YVKXAWU6J2,712.43
ID_H5DAKY1IT85H,1316.62
ID_FN2NLEWDMB6D,328.8133333333333
ID_FQRTZI314E4V,3388.4
ID_605VN4QHNIDI,405.14
ID_J9MMOAJFJ2J9,419.75
ID_2N51RJM7IWTE,485.85
ID_G7LKS3J2NRV9,607.89
ID_B75HPYZV9PLR,897.3
ID_IJFSC215A8T5,232.36
ID_XUJ8JAS1QTG5,88.3
ID_OC29SB0GECK9,407.99
ID_0ZW1XY8NZ5AA,83.3
ID_XUYVTZH1U6V5,612.47
ID_TUQ7O8VZEO8Q,1226.08
ID_XL5X7DAJMM1B,424.38
ID_6GOHOWR9UQEB,554.25
ID_OSG7JPS4CTQ6,616.5
ID_TYWY3ZJA2J5I,2004.4
ID_E8R8OU0PL6KU,858.9
ID_NVSZ1QLGBUT6,312.27
ID_B6DWB2FSMPKC,361.37
ID_P0UJZBSPVHUE,1304.0
ID_O9LKW41W3CE6,262.0733333333334
ID_APVY0ZAA2T96,308.06
ID_DXH0G1YZBCCY,712.1
ID_50FMQ8VLWTYD,1088.3
ID_MPXG6OFK28RA,1215.45
ID_KO5Q9YHKSLDL,795.3
ID_5RN40WEWP1EL,661.44
ID_C22JIXZIZSL4,312.65
ID_9DQB1KQZBTV8,285.87
ID_CQHWUNCL5PCX,473.01
ID_J5OEXVDCNB0P,797.8
ID_RDH6HLOB2U92,316.27
ID_8TPHQ60JF6EX,430.9
ID_1PB93FWUQFQB,327.56333333333333
ID_3N976J1OGQLO,655.87
ID_7KUFT15M92QJ,475.43
ID_PCCPOOUSGB06,127.55
ID_3FRDNPVY5FNP,1446.6
ID_BK9ZR4TDE7NZ,610.77
ID_OUWYLUIH2R51,573.89
ID_L5ZLQMRH6KKF,607.6
ID_Q4UW4DG55OJW,606.74
ID_OYF1ASPZJQNP,583.85
ID_GZUUS62OBWF1,1270.3
ID_KKZDBKDWVPID,348.55
ID_YCYMKBL2CA1K,338.8109487734488
ID_KHTP23X20T5I,492.39
ID_PVCGOZWIYCRW,4124.4
ID_32NAED58MFBN,721.09
ID_N20MRZDYH6K2,877.49
ID_DBTQY3BIX7K1,328.06
ID_VXHEQJCSAEGO,367.6178571428571
ID_1UBFDMDD35E0,462.45
ID_UTQLHUO15C6P,1320.21
ID_KUQSQP4UEPNX,2968.6
ID_NG1BV8SLDLT6,270.02
ID_3WE5BFF4QQ07,437.45
ID_OJCKZSAW11FT,957.3
ID_01FMRJ8CZ1B9,312.35
ID_UFCY75JEV9LT,362.9542735042735
ID_2EZWQR6H2KMD,849.08
ID_VDBLFDMIL8NG,771.43
ID_AT56XBOIGQNE,1078.0
ID_AXZDBVR3IUR6,313.04
ID_2TXCT78Y3PKC,312.85
ID_VR4Q2KY91Y7I,1858.37
ID_EQO0B00UOJ18,356.38
ID_80IN0NOG3IGG,340.72333333333336
ID_52G244TD18XX,557.18
ID_VU2RGX6FV7SG,532.53
ID_L5TFK1K76NVV,322.56
ID_9CP641SBWCAY,98.45
ID_GCL2HBCVD3GT,585.0
ID_9TSTSM29ITZV,1505.65
ID_L9B0F5XY5C0Q,796.0
ID_CB1C6HBQXD06,477.99
ID_HKJ98YOILTWN,1513.13
ID_5TPFAMIJT35T,824.92
ID_17C2BIFXGXAB,424.16
ID_ZY0FDD05Q344,207.61
ID_XXKL2UKB6T7P,1282.0
ID_RMQ5T81PW81J,543.45
ID_I1KFYFIUMBBQ,490.6
ID_1C1WGJ4TLP0X,250.21
ID_E5OL8AHYNIRQ,545.38
ID_XKJ6NPCU23KQ,404.05
ID_H2LK19RTKLBN,354.95
ID_8SXD7K2XR4Y2,345.36
ID_R6PS7QO3TIP3,723.68
ID_7Z26WTZTG1EE,238.39333333333335
ID_NVW1KES21JE6,618.84
ID_KZQ5Q7QITN1J,536.25
ID_0GK554F5HSPQ,2624.6
ID_CA5E6O3YBPYR,263.89
ID_NTRTGR2IP7JQ,616.69
ID_062VNY633NVW,650.03
ID_465NN80WHNMI,318.57
ID_T52DNN3DYVA2,341.01
ID_CM0W1BO8Z7YV,412.63
ID_YV087R41HIW6,588.56
ID_VT6TAOGORN0T,1133.38
ID_030L0XB0GEPB,233.56
ID_YECW50OR7NEH,288.46
ID_5W7NWNYH7DA2,271.03
ID_I2AKJ4TGA3JS,395.22
ID_LMSXY4W2OCHC,447.29
ID_W1EWJ1KHVFWL,746.28
ID_3ABZTY079K5J,1798.2
ID_4PEE9P8ISN4T,1220.75
ID_DZD2PTXBQ36C,111.45
ID_VRDCKGL60J4S,1583.0
ID_W300Q133BITD,166.35
ID_BGPCJWWGLRAD,1394.15
ID_2VD5AHGUA8FZ,244.86
ID_N2YHCFW8BCW1,304.3233333333334
ID_KD26RV3Q4Z8G,383.47
ID_B4L9RE7NMY7S,831.88
ID_BN9X6GP81HB7,63.53
ID_Y6GNK64VJEAR,403.45
ID_PE586K2WC823,209.05
ID_WL15S18OVHW9,1315.1
ID_5R6L97XFBM4P,622.19
ID_55YCU1CHAZYU,1358.61
ID_WNGH3FP6KNWH,2828.8
ID_9JR09YWTJIPX,780.31
ID_870NP4IDB2WF,358.0785281385281
ID_X6ZCELIES4N3,700.23
ID_S0Z4WELW3RKE,740.8
ID_I1M86V2XW3NU,636.47
ID_PR25E8LGMX5C,441.08
ID_5RGXU5KZER2O,1027.66
ID_N3OWXZ0A4PQ2,625.17
ID_BUYPSV8J9VX4,867.88
ID_ZLJBGWFNKT3F,561.13
ID_E3U792EGWSOZ,99.61
ID_KQE4T2DIGF73,325.26
ID_FIOW6R8A6TD9,1998.93
ID_6NHV395NXUMO,805.7
ID_DLLQTLGA5BZ7,158.64
ID_12090DS3ONFO,317.23
ID_84WRYZXSNB5W,289.9
ID_5IHINMMQ33HN,803.6
ID_Q3TSBO3V5MV0,660.13
ID_ADC7FBDIRB67,372.3
ID_YFVLB2MLINSA,833.15
ID_0M2B2IU08JHG,606.01
ID_V9K16K3JJ64W,148.8
ID_T0APDRNZ2PUP,1035.4
ID_UD6Y4DW52N30,362.6366666666667
ID_CPN4N1LLQUYZ,244.21
ID_NBZ50NSHWKX4,1830.2
ID_JOBTZIGNUJYW,120.5
ID_QIXJYAUTNLGR,556.86
ID_AX9K1UFBM90G,167.13
ID_FDDURNIJQYRF,479.51
ID_LVNQ4RR7Z5M9,630.52
ID_UYQMXTUWGEX3,371.15
ID_GXYT79NRDUCC,330.81
ID_9GC9RL0156TI,446.19
ID_65R1QHRZPXV4,196.0
ID_61D172EINVHM,306.8
ID_YTRIQ7CPL06G,209.36
ID_SWBH0D832EJH,581.87
ID_JI6G3OYFQJKY,451.23
ID_D2P1PLCDCW6C,936.43
ID_4HZATY2UQP7J,726.46
ID_I13HAXROQ8ZI,463.3
ID_EBWZ4DITBMRT,909.35
ID_46V1XAD0HNM4,235.5
ID_7F0Y5BH75MA1,208.19
ID_8KDNAENIPD6O,241.985
ID_31557CM50TT0,98.11
ID_1H73ZV2DGAJS,640.4
ID_MQBQ7Y3DAME9,584.18
ID_FABZ5F40A430,865.65
ID_ARH65MSJKMXQ,302.89
ID_NZAYF5EC84XF,941.05
ID_8KTFQU943U8U,617.57
ID_HOOPMK98RDVW,600.41
ID_6NKRHFXDAL2W,191.9
ID_3Y0E2QZSY8BE,350.2624963924964
ID_7RBTQWOKF593,243.46
ID_G32EHA5H8KCH,91.65
ID_FP8GAONCAYON,233.2
ID_Q1YRG5JLSL51,662.55
ID_LUEHBMKN3WSS,361.4859090909091
ID_8CR2PDGM6RTS,769.0
ID_UISG39MBLWG7,407.89
ID_ZFX52PINM9TI,241.15
ID_AV8EYUEUUBVA,196.15
ID_LDK0UP6ZOTQS,733.0
ID_Y71AZZAYF00N,338.15
ID_IAA19P3EN9DF,328.61
ID_M8ZJ8397H56M,793.5
ID_2LVL6QWBY48W,751.2
ID_66A871THV43V,613.06
ID_K9CFTOS3JA2N,332.2533333333333
ID_SN7U1P14V2N3,457.73
ID_68RW49FF7NF2,400.5
ID_1BYE6Z8W58NR,397.25
ID_DGIYN4VXFWW3,321.14
ID_I13X0T9TWG4N,853.79
ID_7HE2NP9ZDI7E,497.41
ID_PKX1BWJLKKF1,420.19
ID_FGCBRPH417HI,168.6
ID_XZHCQ2UL7EQB,725.12
ID_3F60G7BTKL3E,379.2200000000001
ID_X8UKDAZNQLE5,154.53
ID_WF21DZJQ0MEZ,432.64
ID_2JORBK01S76Z,305.96
ID_N40FQ79VCRBZ,258.84
ID_GTLFKV861ATM,412.68
ID_27Y0YW3K0RMP,420.45
ID_WV5M56G6J46P,329.3
ID_2A6AX6F5M2R3,241.54
ID_O1WA343Z0Y3Q,414.38
ID_5RO8TLZHVZ4U,298.74333333333334
ID_WNL0HEE8FNAX,789.5
ID_KRAHFXWUE34U,596.25
ID_B0BZ87T7Z4G1,529.94
ID_EF8RZ2A57MOF,318.65
ID_CKZAYHVYDNOH,315.3
ID_24T2915PUUBL,544.9
ID_9N44D14F4Z9S,1491.95
ID_4QI2PK16L4W8,343.45
ID_5GSE1ZV2KZ36,404.03
ID_30MYYJ3CGU71,214.55
ID_R0ZZ2K2C4IFQ,273.8
ID_SRSO7ZIVRHMS,527.14
ID_ADMXQ913LY99,341.54666666666674
ID_PS7YQR14G3Y3,772.69
ID_MZEO9V8999MJ,1898.05
ID_LUGALDGQDU2C,339.86
ID_6E0LFWNRDDBC,553.12
ID_BH392O5O9YIJ,326.26
ID_VP4R17PGR7PT,1199.4
ID_Z584MTBFZM57,160.2
ID_FMP63TJMIYD2,245.78
ID_0VVXHZNBFV7K,514.54
ID_R3G02LS8GNA9,448.33
ID_Y3HXNR6C9VPN,444.51
ID_P2EI5WTDARVB,500.67
ID_J81U1U9GRXMM,332.2
ID_RUJ2JWO1H36Q,507.13
ID_D7KZIKGDA5TC,388.2775
ID_IXZVPO7I6GFT,645.99
ID_DYEIPGE8LAWB,1818.63
ID_YFXPGWLIF1JG,541.91
ID_M06RJHKBWY49,422.41
ID_9AQXDJAJZEKV,521.83
ID_W8K9BX9LC95X,960.8
ID_QI5ZUDAWIO6B,516.67
ID_UAUMCZMYYG50,813.8
ID_MB0FWEMQZIS3,475.01
ID_I3VLDTUXI8OU,690.86
ID_FL43EATDHM0N,407.09
ID_F8IKOUJWBLAS,411.0
ID_MY6O19NPIVK6,1223.05
ID_XIRL5AT0PRFF,437.97
ID_V770RBDE6Q4Y,560.38
ID_0PZHH6TLV3CA,272.35
ID_VWY9TZXSBA2I,1670.56
ID_0IMHIJVZNH4F,416.13
ID_J9R0XLLUEYV5,616.93
ID_SXO3TLUQS06B,407.02
ID_IIFWSOZJ87T8,266.63
ID_003IQ6P16IU6,569.6
ID_8A4XDDFF9KES,619.5
ID_ZADQ4EOPXZ5X,627.52
ID_T3BJIT95VAK6,1017.6
ID_9JBVPAY5SWE5,247.36
ID_H69MYTOAOWGW,4081.65
ID_KX131MVNIQYK,215.0
ID_9TBIA2TY51SN,368.13
ID_LSJ9Z973V7HY,327.36400000000003
ID_1V7154B52Q1R,765.715
ID_61T1B66LGY96,998.95
ID_6OMUQ7RGG9PB,247.06
ID_UOP0YIGOD0C9,818.06
ID_FUEPC3I8AGM6,223.10666666666665
ID_9DZ2XHHCILE0,326.5
ID_K31RQKN5YZGQ,139.96666666666667
ID_5ONQKXWCPAYW,335.35
ID_WTFWWIHRP8QJ,135.7
ID_1DB4QAC6FY9E,144.6
ID_JTN33DQWNP8S,332.04
ID_URGC9CNXA7X5,391.61
ID_TLCVMIUVHIDA,682.8
ID_TUK3UTUY685M,311.18
ID_C3CXY15NEROI,656.36
ID_HLKXLS0FWIO3,332.39
ID_3KYOCLW494ZU,621.96
ID_ANAMG2154VTI,1210.6
ID_RZYTYJZGW8V1,483.81
ID_U0TE2JB46YOT,4172.65
ID_033YEZI2YTMN,336.61
ID_M5MUL0OYJ521,297.72
ID_GLNNBNCO2ZJT,332.73
ID_5D0G39C74311,110.5
ID_76NPV6TK8935,561.63
ID_ZBDU7B15DZ06,731.14
ID_7ZY916L3IR3J,527.64
ID_NT49YSFTD1RL,198.15
ID_JO5LMUSPDOE5,499.71
ID_20WSYTHON01Q,161.7
ID_29VL60799V4G,638.32
ID_LWOVH2BGMAXM,901.96
ID_U40UK9R0U769,755.27
ID_GLMWDVQ0ZBSS,497.2
ID_H9WPOE6GENMJ,386.29
ID_D777FHIP8F1R,729.57
ID_UE7JO485SVK6,98.4
ID_KMUR984JCI6C,240.40033333333332
ID_5UB63IBXG3O1,423.77
ID_IP1S04YTUGT1,1209.05
ID_UJAKLBHMJ3YD,632.3
ID_W4V2VRY6V3ZG,319.43
ID_UPWIMZ9NKMFX,634.74
ID_TVYVXPBGSFUC,254.29
ID_8WEKEFRVWLHJ,566.62
ID_9RLCRH7Q0PXK,362.57
ID_02G01CVY8X2H,335.18
ID_KE5BLNSCOGKB,889.52
ID_9JNMULI0HP0P,1173.09
ID_B8OSQ43TMBSR,660.05
ID_PZWWJKYN923K,796.9
ID_834BS53CZ6LC,438.4
ID_5BMWFG250JV4,553.61
ID_LM22RNI83BJM,621.52
ID_JQS59EY819HO,252.7
ID_E43X5ED6NLU1,417.74
ID_8UZSHKU5UT2V,886.73
ID_DJ50AHYEIPZ0,818.78
ID_R4NIIOESVN7T,1159.0
ID_YKL207W57L0U,237.35
ID_12P6RU298F9N,427.17
ID_IZ6WTP5Z17WN,791.14
ID_NZMFMBIC4FNF,238.8
ID_JLTDB0VTB0E7,219.19
ID_17SQTC2HLKAE,409.48
ID_I1X7CIDBKXZQ,240.64
ID_PSSACU4V0O6O,596.25
ID_V4HUIJ6F76SW,323.55
ID_8COHYHKML3JP,1078.0
ID_JN4AX2B2C50G,99.6
ID_TMJ0OO9Q2WOJ,1946.7
ID_C95LNL1M8H2N,717.65
ID_RVPLXJ5UWB6O,257.8
ID_TV9CCKV6IGN5,1516.65
ID_K19V3I8YE12K,339.03
ID_KGXUKFH4Y7YO,572.44
ID_WJSH3NU9GIQB,5.16
ID_EQZ7H1WA78OS,247.19
ID_1MKAKRVW5T92,207.8
ID_PZFWOHDEYNGN,587.17
ID_725LTZ95U1E1,808.0
ID_THK0MEQMKDUT,1632.88
ID_RTQ01NMMKXYA,566.95
ID_8B19FL2AJ194,259.94
ID_D6RNJ17OIWWY,749.19
ID_HUGK2Y59U7KJ,701.2
ID_KWIMK8AMZF5A,671.7
ID_UURMSVZDKKSF,785.9
ID_2R9G9PQSADOM,302.86
ID_BI9UDH99U450,257.77
ID_7ODW5MXTDNCG,734.51
ID_HWJ9WKS3IB5J,400.91
ID_JGO7PWMYOMUB,590.74
ID_MCQSOIZ5BXGC,165.2
ID_J0X3K8DOSPYN,530.54
ID_VGQJ4WYJJBAT,426.53
ID_FHRVJDWVEWZK,544.13
ID_YFDZZ7FAT8H7,672.19
ID_ZW6ZATUAC5CC,503.22
ID_W0BWKL5E7PYH,1174.1
ID_9DJGFL3PX533,503.77
ID_NYXDVDMQO20V,772.2
ID_J9R96PPZPO32,852.1
ID_03SHDKQD95XF,192.65
ID_9UYFG0NC9QTM,707.78
ID_PR26C0RSQ89H,564.69
ID_KOOC7HGDZA0H,739.87
ID_218WMH65G8WU,652.59
ID_PRAU2EMQM87U,384.04
ID_D6ZOJRHT0A7H,424.91
ID_CITJ0RJ9ZAOC,843.4
ID_TP5RXW7QXP2O,3628.55
ID_AZNDXJTYSGDF,275.6
ID_78WJNL0RRA6U,722.71
ID_TM6VWF7REIS6,1498.25
ID_X3TVNO4XNHN5,829.6
ID_3TDSR1D7HQ8T,759.36
ID_82ZSQZQGLY1Y,426.87
ID_8OKP01595X94,293.68
ID_2OKINRRT0XL1,2071.3
ID_DA98EJU0NT76,640.31
ID_V17R17KYCDG3,542.36
ID_OM42UEJQR618,254.22
ID_646D2KBLNLC2,225.99
ID_9RU7QWS0WIDP,808.3
ID_PFFCHUW5O67L,545.93
ID_ZSV9TC0UW5CK,418.99
ID_MSYLCULH22KD,551.31
ID_6ZA9ROTCTCTY,411.31
ID_L0J7MCL12NR4,305.94
ID_SCDUXWEDL6C6,755.0
ID_7QHVYN5YJYAP,168.8
ID_AUT5E4W1IF34,1380.95
ID_7JO0TQWT9W8K,413.51
ID_3UUBOUNG1CH8,197.84
ID_4Z5JFK9VF762,230.49
ID_3Z9LB1PGHP96,771.9
ID_D0X7IDGN74GR,440.22
ID_BBY6G4GET31C,1709.6
ID_PT5LBK4XRS89,564.44
ID_Z6A67N4N3KEJ,5.16
ID_Y6D7U7R1ULMA,319.23
ID_WQOUU960NDO4,121.06
ID_XC7PSRE6WWFP,308.3
ID_VF7NABSVT35U,664.7
ID_25MZL6HIS26M,1050.1
ID_D86BC6U7FA2J,595.15
ID_F4KMTFROJWL2,410.53
ID_QK4YHF5UETBQ,340.2
ID_XPAHSEI49TYN,1102.05
ID_69F6K475WX7V,182.3
ID_9WS9F7Z1CE3M,334.8
ID_XJC8VVXC9TBX,512.93
ID_CD5QDTLLZUPT,231.66
ID_O80J4RH6LVDS,1010.6
ID_KWSKN3HTLPK2,136.3
ID_5SKHT6NDFHJR,141.73
ID_KPQYKBZGK6Q4,388.86
ID_866ACQHJ1632,316.21
ID_WX844ME5IT0M,230.14
ID_AWNJ1KEP1QK1,1218.12
ID_16ZJ7XNWB9ES,839.8
ID_2NKYXQYFQQRX,358.7025
ID_DDQYDSPF4BXY,614.23
ID_1KBQ8Z8QZOL3,394.0
ID_GJO67I9XF6AK,571.44
ID_PCOF5INSVXM2,410.64
ID_W5GMROHJ01RZ,208.36
ID_WD6GCHMOFFZK,314.94
ID_GF3NQ1FP4MXO,1158.15
ID_FBQI3IPLIAAZ,291.72
ID_BKRCXGDJI2ZU,415.77
ID_WC5O6CA49JCT,305.7
ID_TC771F4NXFD3,724.0
ID_HQAI0KUSI7FX,768.8
ID_E22MKA5X1C38,391.68119047619047
ID_P4TXP8UNLQ5F,5.16
ID_7VFK2TR4EHCU,497.66
ID_XIMWJDO2J9S2,98.45
ID_1SFZQ86IVMCZ,1024.55
ID_XNSVNT862EIR,1527.5
ID_KEULJBL0QMMA,390.95
ID_GEAJ29CHENIM,827.35
ID_XDHNQQ1BMP4K,363.68
ID_ZG8Y74HTDSKI,92.95
ID_VUYOGM0KIABM,1196.4
ID_U4XH4UTLQ5EO,352.23
ID_M1TT1PZJYQX3,400.9666666666667
ID_DO1SCI0NAS39,609.32
ID_PP2CV6NRSO3K,227.29
ID_6F4A688829M0,1311.25
ID_67C7XJW5Z9AP,409.17
ID_G9GXUSA0IV0D,273.32
ID_0G0WQUKBXG47,450.29
ID_6EWF22XJX21H,1205.02
ID_UIL7S6F6IKE8,452.58
ID_O55OOUDQOKBE,1890.15
ID_OKZW0FT04KAU,8.34
ID_5QCE458KP8MH,428.07
ID_K1MX59GNDLA3,932.1
ID_XEAANBI4M6MP,849.5
ID_7K7V374NL5QU,235.61333333333332
ID_Q73O4J7PYNLD,1063.75
ID_8X79S7L9FWUS,418.48
ID_M97TRZBEVI0V,268.63
ID_U9TU5QRVSIKV,754.93
ID_PQPZ0AVV5HTH,784.92
ID_1L6LU32N1HFC,199.9
ID_UBZ21YSSVE0A,568.65
ID_TFXFZIX00RA7,1294.9
ID_32CMCT5XS364,373.5166666666667
ID_E95XC4DYH26Y,41.08
ID_S8ENYM45UWSC,2155.7
ID_PU514SH6TUVR,171.29
ID_RVEWUGCXQCNS,424.85
ID_BG6I25RU4JV3,837.74
ID_RNDBVA4NU0LW,356.70000000000005
ID_H1GVVG7EF7WE,425.27
ID_4VG5G0IN38WK,118.1
ID_LI1DHO8DO7WH,244.42
ID_K9IUCGCTABHD,518.41
ID_COWCI2PI2LF9,101.1
ID_0QE8PUWQKHFZ,802.7
ID_MT3EUT7AX265,371.92
ID_T69R1A784TNY,1383.9
ID_N4FRZ8SPSN61,335.11
ID_DFIMHTLXA82W,826.33
ID_BI4VNVU7JAXF,1670.11
ID_6C9EUI1CKTQY,1346.0
ID_V7R0PZU27LD7,415.88
ID_NXHSZUCHTMO8,999.3
ID_PSSPKF9A2USI,778.6
ID_M9XZ0NNGCXJE,324.84
ID_3BJCEQIRMQTP,478.08
ID_EWS2TOD7IJZI,1284.34
ID_4N61JMVTUKQ5,217.9
ID_B5NBU4COPYXW,527.27
ID_ZS7CIFJ5G37Q,1768.45
ID_X4E6NMBKJLQT,94.86
ID_1OH68E5CL3NC,861.67
ID_DNSUBE5MRZR8,1266.88
ID_GHVXO83MCL6I,801.84
ID_CQ0FBB1L5EY3,420.65
ID_9PEPYSUTV8XP,726.9
ID_CH40371WNU45,315.18
ID_KREBTUJY9PUQ,423.87
ID_AH2DHFW5Y7VZ,580.25
ID_O2YSLD8B37UI,422.12
ID_CGJLQRDMQGPI,439.83
ID_ZIH4810LD2X4,402.7
ID_1GUQ67PJHO6G,198.15
ID_YO7NKY9DFON2,1382.2
ID_H8DG3XXT4R3S,403.27
ID_FD43UJOLYMFB,314.59285714285716
ID_BQ8JTW0GEMB4,531.37
ID_RA7TSCPF1HBL,497.52
ID_HMSUJ88077KV,294.59
ID_2K6CE567GZ7D,428.63
ID_J0UYQQWYJDJ3,796.46
ID_42YO171TPVHZ,895.55
ID_KMFDQQYDBS4X,517.34
ID_EKKF7GLOX3SD,324.95
ID_NA6TYX9PY21I,620.27
ID_PA459A9AES6D,1806.06
ID_ZHJ35MUIKDGT,634.35
ID_2KS148FT28VY,902.85
ID_ZP3Y1EOLD1XT,383.28
ID_M202WZ18JHLM,616.39
ID_O3CUG423MY9H,3290.2
ID_JK4O5BTLDHTX,331.85
ID_69E0GNTDT1LF,2667.65
ID_RN3RLK50ETXN,529.84
ID_PJ3QBFDFCBUV,294.83
ID_WRU2ZQEZZA2A,1372.9
ID_261VC80CL904,288.97
ID_3PR5200O44QG,1374.0
ID_V315713I7M9M,602.33
ID_WCBVJ74XU15K,514.85
ID_ZXT4WUZLCMVH,430.14
ID_GDU9BX84VUVE,2208.73
ID_5JB3YMBM4T6O,207.82
ID_KBAPVR46VC22,854.04
ID_4IXICKTIPPLU,999.75
ID_AM94QK241VPE,3373.95
ID_W12HOWGGSMS8,148.12
ID_Q1G32KADTS51,315.03
ID_V3JIA4P4668B,851.9
ID_Y86K83ZPC3T4,404.96
ID_K6M588093ONJ,421.45
ID_8QKXNKEAI8U8,108.08
ID_X7PUGW9NI1FI,303.62
ID_VTIQSDY0X1FD,419.89
ID_4VC1K7FA4J17,294.81
ID_3GCDF7RV12BF,811.67
ID_PSLVQKNWEZ0N,391.02
ID_IGCX54TFOFX9,336.73
ID_1SZ0EPKMQJ3L,340.23
ID_RRLAI5EB891O,1532.0
ID_ATRY9VIAPNBP,410.1
ID_5LIP4CV5CHJ0,545.88
ID_ONHO680NIUHR,515.14
ID_VTRB9ZYY4VI0,600.28
ID_JAE3UP8KOYFO,297.05
ID_I02Z7U56HMOO,642.2
ID_RFXD3G5UO06W,1446.0
ID_1SQXKIK51IGW,232.78
ID_T5UXJ5RC7PUZ,702.42
ID_JM7G4MGZXPA4,550.14
ID_6FF2BX4HPOG7,318.64
ID_8UTWWHXEL9R5,890.6
ID_3YJH7Z2OWJED,608.96
ID_4BVYTNKO9YLK,1282.3
ID_KNDRB17VJJHN,188.5
ID_PL3IRYM11FGQ,985.65
ID_33QXHWS7FFUE,909.2
ID_2J04B9UGSZMQ,815.95
ID_ZJV6QMH0E1S2,779.0
ID_3SY7ARGY3QVX,2328.9
ID_KIAVLFCA0QAB,150.14
ID_Q4EJVPZEZXGI,496.38
ID_65605390LAS9,1002.58
ID_Y104K9OC8UGE,626.42
ID_3K6WOEPF2FP8,806.68
ID_LS72BPM71SR7,436.22
ID_Y7TIOX2MBVN1,241.935
ID_JM80BY34TODO,488.72
ID_2WAZFPTIJ1OA,349.646663059163
ID_T9YY5C8C1CBO,423.87
ID_UPRSY14003PO,312.63
ID_7XOLQOXF8MQB,320.28
ID_I32E35Q5PL6J,1814.6
ID_22FO3O040DBN,546.05
ID_2UXKSAJOCCUC,500.29
ID_5GUT0JCPY47C,453.78
ID_LID7SSDMXCW6,105.05
ID_WCWCOJH95NFM,219.9
ID_4DWQ8EGOZF76,395.17
ID_SJE53PFBNDY4,565.74
ID_MUP7H5EUQUYW,784.4
ID_2G8S8FICGX1F,770.59
ID_T6X2E4LGICKT,223.2
ID_2NBITHH2CMR2,562.81
ID_IXO2IO18FTPN,789.9
ID_35RBHZZG2K9S,544.11
ID_5X3KT9OXDOCL,1032.25
ID_EXX5T31QH9U4,599.21
ID_LSZRIL56T47Z,783.5
ID_5ALLBTPE63BZ,380.75
ID_ZRT3VO9XJTOJ,405.05
ID_IVZNV00VK1WF,129.75
ID_STJDVR9FV5ZK,832.45
ID_MUL2I0PV3WXF,590.78
ID_350HG62PKSV9,236.69
ID_CFU1OS0WRIF1,435.59
ID_E2X9RKRER7VN,409.07
ID_FAXPVHA3GBDX,883.5
ID_U20QSSM0WQCL,399.97
ID_8STN6IQK6GRH,5.16
ID_RRV0JV74KLEG,557.97
ID_SV90TJDKZDBO,1941.3
ID_VG3DNKAC70DB,358.95833333333326
ID_N6VEVLWM0JUZ,832.48
ID_R6EAOP7SKH4P,1048.98
ID_WY1E27L1SF3F,699.07
ID_S6Y3EIMQPINY,394.96
ID_C6FGW58XYOOC,103.21
ID_66ZQIE06VO23,642.65
ID_OQGZLQDASMAM,136.85
ID_O0VXS8F7E71M,240.695
ID_RYWO2W04NGOQ,724.1
ID_UQJV4MFOR1M5,433.29333333333335
ID_4RF26BVNXYCE,1489.7
ID_97BLKV6Q0HEL,3681.2
ID_UBBEFJS5I0QH,147.21
ID_1O85NFRVJWEG,578.46
ID_IMHZWDBK0ADL,260.2
ID_YP71ZG5HZP4L,632.1
ID_EQYXNVKPIZ8S,335.59
ID_IUMZ7HN2JIIN,531.59
ID_TEYADZ461KBT,836.94
ID_WBKUDZP701N9,626.48
ID_QREVEZ4H807A,149.2
ID_1FI6VLAJHF5I,1307.25
ID_AGYQKZWO32LL,622.83
ID_2AWB54BA84ZT,393.47
ID_HT3K0J78M9RG,650.43
ID_1Y0O3Y0QYTJS,490.71
ID_ZKH62QGNMI1V,90.9
ID_BJVKX6P2LOVK,703.72
ID_RJG2AH2AUIN8,235.52
ID_C1YRVYTDHBCI,346.88
ID_1TJKPVFP9B3X,277.49
ID_ENTHBKNB4R99,575.02
ID_TY66I8PV70BN,113.4
ID_6MMECMX3B728,1132.2
ID_GZ9YGWCLLMKN,414.75
ID_01YVA2LJVYBR,245.34
ID_YQRL2IOUU4SZ,350.3734523809524
ID_VAX2N8ELPEZE,359.92
